Name,Timestamp


ELON MUSK,2024-11-23 00:59:35
MOIZ,2024-11-23 17:22:42
ELON MUSK,2024-11-23 17:25:01
MOIZ,2024-11-23 17:31:26
MOIZ,2024-11-23 17:34:16
MOIZ,2024-11-23 17:40:42
MOIZ,2024-11-23 17:44:14
MOIZ,2024-11-23 17:45:40
MOIZ,2024-11-23 17:46:46
MOIZ,2024-11-23 17:49:27
MOIZ,2024-11-23 17:51:26
QQQQQ,2024-11-23 17:53:30
ELON MUSK,2024-11-23 17:54:10
MOIZ,2024-11-23 17:56:45
MOIZ,2024-11-23 18:05:10
MOIZ,2024-11-23 18:09:39
MOIZ,2024-11-24 01:24:06
MOIZ,2024-11-24 01:32:05
MOIZ,2024-11-24 01:40:47
MOIZ,2024-11-24 01:47:54
MOIZ,2024-11-24 01:53:55
MOIZ,2024-11-28 22:51:32
QQQQ,2024-11-28 22:52:22
HAMZA,2024-11-29 15:09:05
MOIZ,2024-11-29 15:09:23
MOIZ,2024-11-29 23:37:53
MOIZ,2024-12-12 14:30:17
MOIZ,2024-12-12 16:18:18
MOIZ,2024-12-18 23:56:03
MOIZ,2024-12-19 00:05:16
MOIZ,2024-12-19 00:08:26
MOIZ,2024-12-19 00:10:24
MOIZ,2024-12-19 00:12:39
QQQQ,2024-12-19 00:12:54
